{
  "0": {
    "58": 0.35,
    "13": 0.3,
    "380": 0.76
  },
  "1": {
    "380": 0.18,
    "457": 0.48,
    "280": 0.13
  },
  "2": {
    "120": 0.55
  },
  "3": {
    "288": 0.28
  },
  "4": {
    "360": 0.3,
    "280": 0.63,
    "215": 0.83
  },
  "5": {
    "389": 0.83
  },
  "6": {
    "217": 0.24,
    "175": 0.96,
    "143": 0.4
  },
  "7": {
    "195": 0.19
  },
  "8": {
    "310": 0.83,
    "136": 0.76
  },
  "9": {
    "64": 0.44,
    "499": 0.6,
    "473": 0.85
  },
  "10": {
    "454": 0.62,
    "442": 0.73,
    "186": 0.14
  },
  "11": {
    "396": 0.36
  },
  "12": {
    "438": 0.31
  },
  "13": {
    "195": 0.35
  },
  "14": {
    "428": 0.43,
    "187": 0.29,
    "84": 0.34
  },
  "15": {
    "332": 0.67,
    "37": 0.58,
    "312": 0.32
  },
  "16": {
    "195": 0.99,
    "139": 0.68
  },
  "17": {
    "113": 0.86,
    "351": 0.8,
    "167": 0.31
  },
  "18": {
    "413": 0.38
  },
  "19": {
    "34": 0.92,
    "109": 0.61
  },
  "20": {
    "162": 0.55,
    "109": 0.9,
    "336": 0.68
  },
  "21": {
    "136": 0.23
  },
  "22": {
    "288": 0.77,
    "276": 0.49,
    "135": 0.63
  },
  "23": {
    "113": 0.56,
    "71": 0.18
  },
  "24": {
    "441": 0.2
  },
  "25": {
    "82": 0.48,
    "406": 0.16,
    "349": 0.44
  },
  "26": {
    "271": 0.97,
    "129": 0.87
  },
  "27": {
    "349": 0.75
  },
  "28": {
    "454": 0.34,
    "275": 0.68,
    "385": 0.2
  },
  "29": {
    "81": 0.1,
    "233": 0.75
  },
  "30": {
    "135": 0.79,
    "498": 0.56,
    "257": 0.2
  },
  "31": {
    "153": 0.56,
    "431": 0.28,
    "328": 0.44
  },
  "32": {
    "277": 0.96
  },
  "33": {
    "471": 0.39,
    "0": 0.12,
    "307": 0.94
  },
  "34": {
    "123": 0.32,
    "29": 0.61
  },
  "35": {
    "44": 0.76
  },
  "36": {
    "390": 0.58
  },
  "37": {
    "66": 0.69
  },
  "38": {
    "85": 0.89,
    "136": 0.48,
    "271": 0.29
  },
  "39": {
    "387": 0.28,
    "374": 0.38,
    "354": 1.0
  },
  "40": {
    "192": 0.57,
    "225": 0.21,
    "461": 0.3
  },
  "41": {
    "10": 0.6,
    "302": 0.63
  },
  "42": {
    "36": 0.74
  },
  "43": {
    "118": 0.16
  },
  "44": {
    "441": 0.4
  },
  "45": {
    "122": 0.54,
    "143": 0.59,
    "343": 0.75
  },
  "46": {
    "296": 0.81,
    "243": 0.83,
    "125": 0.27
  },
  "47": {
    "338": 0.49
  },
  "48": {
    "211": 0.88,
    "240": 0.15
  },
  "49": {
    "331": 0.46,
    "51": 0.41,
    "31": 0.88
  },
  "50": {
    "99": 0.27
  },
  "51": {
    "72": 0.27,
    "217": 0.52
  },
  "52": {
    "227": 0.83
  },
  "53": {
    "50": 1.0,
    "25": 0.85,
    "334": 0.97
  },
  "54": {
    "86": 0.47
  },
  "55": {
    "110": 0.46,
    "443": 0.15
  },
  "56": {
    "1": 0.34,
    "200": 0.81
  },
  "57": {
    "147": 0.73,
    "217": 0.76
  },
  "58": {
    "339": 0.24,
    "368": 0.37,
    "250": 0.97
  },
  "59": {
    "377": 0.77,
    "278": 0.15,
    "31": 0.63
  },
  "60": {
    "471": 0.24,
    "437": 0.96,
    "272": 0.17
  },
  "61": {
    "35": 0.64
  },
  "62": {
    "442": 0.21,
    "121": 0.9,
    "207": 0.32
  },
  "63": {
    "20": 0.48,
    "318": 0.63,
    "41": 0.57
  },
  "64": {
    "105": 0.74,
    "343": 0.31
  },
  "65": {
    "68": 0.68,
    "344": 0.51
  },
  "66": {
    "4": 0.51
  },
  "67": {
    "51": 0.29,
    "37": 0.34,
    "276": 0.94
  },
  "68": {
    "451": 0.32
  },
  "69": {
    "81": 0.85,
    "225": 0.73
  },
  "70": {
    "414": 0.11,
    "335": 0.84,
    "271": 0.37
  },
  "71": {
    "53": 0.22,
    "481": 0.2,
    "450": 0.2
  },
  "72": {
    "80": 0.64,
    "140": 0.75,
    "145": 0.28
  },
  "73": {
    "437": 0.54,
    "136": 0.91,
    "259": 0.86
  },
  "74": {
    "325": 0.48
  },
  "75": {
    "22": 0.4,
    "1": 0.22
  },
  "76": {
    "83": 0.5,
    "380": 0.74
  },
  "77": {
    "4": 0.95,
    "57": 0.72,
    "38": 0.23
  },
  "78": {
    "428": 0.43
  },
  "79": {
    "75": 0.14,
    "221": 0.43,
    "65": 0.94
  },
  "80": {
    "461": 0.42
  },
  "81": {
    "128": 0.42,
    "342": 0.6,
    "52": 0.89
  },
  "82": {
    "384": 0.94,
    "79": 0.88,
    "474": 0.98
  },
  "83": {
    "452": 0.47
  },
  "84": {
    "378": 0.93
  },
  "85": {
    "411": 0.88,
    "343": 0.83
  },
  "86": {
    "81": 0.73,
    "404": 0.44
  },
  "87": {
    "440": 0.52
  },
  "88": {
    "419": 0.93
  },
  "89": {
    "157": 0.82,
    "421": 0.3
  },
  "90": {
    "338": 0.27
  },
  "91": {
    "143": 0.16,
    "443": 0.8
  },
  "92": {
    "329": 0.46,
    "261": 0.98
  },
  "93": {
    "170": 0.2,
    "481": 0.97,
    "14": 0.26
  },
  "94": {
    "19": 0.64,
    "55": 0.41
  },
  "95": {
    "224": 0.99,
    "311": 0.2
  },
  "96": {
    "98": 0.74,
    "131": 0.1,
    "22": 0.93
  },
  "97": {
    "352": 0.77,
    "369": 0.7,
    "482": 0.43
  },
  "98": {
    "486": 0.7
  },
  "99": {
    "320": 0.7,
    "161": 0.21
  },
  "100": {
    "260": 0.7,
    "159": 0.39
  },
  "101": {
    "152": 0.27,
    "284": 0.7,
    "65": 0.44
  },
  "102": {
    "463": 0.61,
    "89": 0.47,
    "316": 0.85
  },
  "103": {
    "147": 0.49,
    "108": 0.62
  },
  "104": {
    "165": 0.5,
    "239": 0.29,
    "227": 0.53
  },
  "105": {
    "86": 0.36,
    "338": 0.7,
    "43": 0.66
  },
  "106": {
    "420": 0.96
  },
  "107": {
    "345": 0.38
  },
  "108": {
    "75": 0.12
  },
  "109": {
    "244": 0.65
  },
  "110": {
    "234": 0.47
  },
  "111": {
    "295": 0.73,
    "99": 0.54,
    "368": 0.32
  },
  "112": {
    "353": 0.78,
    "2": 0.79,
    "458": 0.2
  },
  "113": {
    "112": 0.82,
    "90": 0.73
  },
  "114": {
    "25": 0.32,
    "286": 0.86
  },
  "115": {
    "68": 0.52,
    "411": 0.58
  },
  "116": {
    "305": 0.78,
    "163": 0.5,
    "487": 0.83
  },
  "117": {
    "219": 0.59,
    "426": 0.91,
    "465": 0.77
  },
  "118": {
    "231": 0.78,
    "133": 0.86
  },
  "119": {
    "393": 0.57,
    "399": 0.66
  },
  "120": {
    "226": 0.74,
    "39": 0.31
  },
  "121": {
    "164": 0.59,
    "458": 0.22
  },
  "122": {
    "197": 0.72
  },
  "123": {
    "109": 0.47,
    "32": 0.59,
    "213": 0.47
  },
  "124": {
    "427": 0.48
  },
  "125": {
    "485": 0.87,
    "357": 0.79,
    "10": 0.44
  },
  "126": {
    "483": 0.42
  },
  "127": {
    "437": 0.96,
    "457": 0.48
  },
  "128": {
    "377": 0.64,
    "280": 0.3,
    "410": 0.3
  },
  "129": {
    "249": 0.45,
    "14": 0.7
  },
  "130": {
    "371": 0.86,
    "84": 0.93
  },
  "131": {
    "274": 0.45,
    "13": 0.61,
    "465": 0.12
  },
  "132": {
    "220": 0.52,
    "69": 0.15,
    "444": 0.44
  },
  "133": {
    "233": 0.39
  },
  "134": {
    "143": 0.96,
    "386": 0.48
  },
  "135": {
    "241": 0.12
  },
  "136": {
    "26": 0.3,
    "488": 0.16,
    "180": 0.96
  },
  "137": {
    "387": 0.13
  },
  "138": {
    "102": 0.86
  },
  "139": {
    "78": 0.53,
    "122": 0.2,
    "64": 0.95
  },
  "140": {
    "359": 0.79,
    "131": 0.25
  },
  "141": {
    "494": 0.2,
    "383": 0.84,
    "368": 0.97
  },
  "142": {
    "297": 0.12
  },
  "143": {
    "295": 0.92,
    "347": 0.44
  },
  "144": {
    "101": 0.72,
    "38": 0.66,
    "304": 0.19
  },
  "145": {
    "436": 0.64,
    "351": 0.21
  },
  "146": {
    "401": 0.58,
    "21": 0.7,
    "178": 0.16
  },
  "147": {
    "175": 0.48,
    "6": 0.54,
    "435": 0.49
  },
  "148": {
    "326": 0.85,
    "457": 0.74
  },
  "149": {
    "90": 0.57,
    "376": 0.69
  },
  "150": {
    "414": 0.8,
    "471": 0.52,
    "276": 0.84
  },
  "151": {
    "137": 0.32,
    "166": 0.94,
    "437": 0.35
  },
  "152": {
    "124": 0.52,
    "385": 0.65
  },
  "153": {
    "173": 0.54,
    "14": 0.39
  },
  "154": {
    "108": 0.82,
    "182": 0.41
  },
  "155": {
    "360": 0.6,
    "451": 0.56,
    "141": 0.27
  },
  "156": {
    "369": 0.47
  },
  "157": {
    "389": 0.53,
    "123": 0.74,
    "354": 0.5
  },
  "158": {
    "47": 0.36
  },
  "159": {
    "355": 0.38,
    "124": 0.62
  },
  "160": {
    "284": 0.41,
    "272": 1.0
  },
  "161": {
    "170": 0.51,
    "181": 0.38,
    "360": 0.31
  },
  "162": {
    "98": 0.77,
    "161": 0.96,
    "61": 0.72
  },
  "163": {
    "110": 0.76
  },
  "164": {
    "371": 0.98,
    "302": 0.57
  },
  "165": {
    "51": 0.27,
    "427": 0.3
  },
  "166": {
    "154": 0.11
  },
  "167": {
    "64": 0.98,
    "140": 0.6,
    "23": 0.73
  },
  "168": {
    "327": 0.88
  },
  "169": {
    "52": 0.11,
    "447": 0.36
  },
  "170": {
    "226": 0.27,
    "175": 0.15
  },
  "171": {
    "58": 0.16,
    "421": 0.54
  },
  "172": {
    "323": 0.24,
    "352": 0.83,
    "27": 0.95
  },
  "173": {
    "127": 0.21
  },
  "174": {
    "311": 0.81,
    "306": 0.3
  },
  "175": {
    "195": 0.5,
    "231": 0.87,
    "466": 0.99
  },
  "176": {
    "292": 0.15,
    "318": 0.96
  },
  "177": {
    "486": 0.79
  },
  "178": {
    "108": 0.17,
    "135": 0.32,
    "339": 0.6
  },
  "179": {
    "1": 0.47
  },
  "180": {
    "305": 0.13,
    "241": 0.36,
    "149": 0.35
  },
  "181": {
    "36": 0.31,
    "352": 0.34
  },
  "182": {
    "302": 0.94,
    "339": 0.48,
    "412": 0.59
  },
  "183": {
    "76": 0.84,
    "466": 0.16,
    "136": 0.25
  },
  "184": {
    "305": 0.84,
    "384": 0.93
  },
  "185": {
    "63": 0.72,
    "240": 0.73
  },
  "186": {
    "257": 0.54,
    "277": 0.17
  },
  "187": {
    "456": 0.49
  },
  "188": {
    "310": 0.12,
    "128": 0.31
  },
  "189": {
    "429": 0.63,
    "441": 0.12,
    "295": 0.79
  },
  "190": {
    "296": 0.79,
    "20": 0.26
  },
  "191": {
    "334": 0.35,
    "227": 1.0,
    "470": 0.49
  },
  "192": {
    "497": 0.52,
    "46": 0.47
  },
  "193": {
    "344": 0.87,
    "53": 0.4
  },
  "194": {
    "254": 0.95,
    "147": 0.83,
    "340": 0.6
  },
  "195": {
    "45": 0.33,
    "161": 0.2
  },
  "196": {
    "443": 0.84,
    "264": 0.1
  },
  "197": {
    "237": 0.27,
    "212": 0.43,
    "27": 0.78
  },
  "198": {
    "227": 0.28,
    "390": 0.59,
    "26": 0.93
  },
  "199": {
    "451": 0.54,
    "358": 0.13
  },
  "200": {
    "312": 0.74,
    "410": 0.38,
    "122": 0.11
  },
  "201": {
    "47": 0.99,
    "115": 0.92
  },
  "202": {
    "485": 0.68,
    "60": 0.24
  },
  "203": {
    "149": 0.35,
    "261": 0.85,
    "362": 0.98
  },
  "204": {
    "234": 0.6
  },
  "205": {
    "97": 0.64,
    "472": 0.77
  },
  "206": {
    "443": 0.16
  },
  "207": {
    "174": 0.81,
    "479": 0.34
  },
  "208": {
    "144": 0.75
  },
  "209": {
    "297": 0.88,
    "338": 0.5,
    "251": 0.54
  },
  "210": {
    "283": 0.59,
    "391": 0.51
  },
  "211": {
    "446": 0.98,
    "96": 0.31
  },
  "212": {
    "119": 0.8,
    "439": 0.14
  },
  "213": {
    "243": 0.83,
    "362": 0.45,
    "468": 0.7
  },
  "214": {
    "77": 0.13,
    "254": 0.55,
    "494": 0.63
  },
  "215": {
    "448": 0.86
  },
  "216": {
    "270": 0.92
  },
  "217": {
    "370": 0.23
  },
  "218": {
    "497": 0.52,
    "79": 0.97,
    "38": 0.4
  },
  "219": {
    "203": 0.87,
    "333": 0.87,
    "41": 0.87
  },
  "220": {
    "489": 0.66,
    "162": 0.9
  },
  "221": {
    "447": 0.13,
    "278": 0.16
  },
  "222": {
    "351": 1.0,
    "472": 0.77,
    "147": 0.49
  },
  "223": {
    "390": 0.67
  },
  "224": {
    "228": 0.25
  },
  "225": {
    "463": 0.14,
    "14": 0.82
  },
  "226": {
    "183": 0.49,
    "191": 0.32
  },
  "227": {
    "290": 0.81,
    "350": 0.25
  },
  "228": {
    "313": 0.88
  },
  "229": {
    "350": 0.92,
    "123": 0.23,
    "255": 0.52
  },
  "230": {
    "236": 0.7,
    "130": 0.91
  },
  "231": {
    "462": 0.71,
    "147": 0.24
  },
  "232": {
    "484": 0.99,
    "176": 0.37
  },
  "233": {
    "354": 0.51,
    "128": 0.37
  },
  "234": {
    "437": 0.2,
    "248": 0.44
  },
  "235": {
    "295": 0.99,
    "151": 0.37
  },
  "236": {
    "202": 0.61,
    "140": 0.72,
    "4": 0.77
  },
  "237": {
    "467": 0.65
  },
  "238": {
    "427": 0.91,
    "463": 0.8
  },
  "239": {
    "311": 0.82
  },
  "240": {
    "326": 0.27
  },
  "241": {
    "348": 0.75,
    "387": 0.69
  },
  "242": {
    "322": 0.19
  },
  "243": {
    "331": 0.81,
    "20": 0.13,
    "158": 0.43
  },
  "244": {
    "46": 0.92
  },
  "245": {
    "383": 0.26,
    "212": 0.22
  },
  "246": {
    "449": 0.58,
    "498": 0.92,
    "187": 0.85
  },
  "247": {
    "468": 0.95,
    "423": 0.97
  },
  "248": {
    "383": 0.4,
    "446": 0.2
  },
  "249": {
    "72": 0.78
  },
  "250": {
    "441": 0.71
  },
  "251": {
    "203": 0.82,
    "496": 0.43,
    "434": 0.81
  },
  "252": {
    "135": 0.58
  },
  "253": {
    "188": 0.77,
    "345": 0.34
  },
  "254": {
    "422": 0.95,
    "327": 0.2
  },
  "255": {
    "241": 0.12
  },
  "256": {
    "167": 0.3,
    "469": 0.16,
    "313": 0.84
  },
  "257": {
    "154": 0.21,
    "333": 0.14,
    "209": 0.13
  },
  "258": {
    "59": 0.31,
    "49": 0.58
  },
  "259": {
    "232": 0.7,
    "189": 0.77
  },
  "260": {
    "214": 0.75,
    "301": 0.9,
    "381": 0.69
  },
  "261": {
    "316": 0.95,
    "208": 0.35
  },
  "262": {
    "189": 0.5,
    "111": 0.31,
    "227": 0.43
  },
  "263": {
    "188": 0.98,
    "279": 0.42,
    "462": 0.46
  },
  "264": {
    "496": 0.21
  },
  "265": {
    "46": 0.29,
    "340": 0.68
  },
  "266": {
    "25": 0.81
  },
  "267": {
    "64": 0.81
  },
  "268": {
    "35": 0.85
  },
  "269": {
    "106": 0.83,
    "301": 0.31,
    "110": 0.8
  },
  "270": {
    "1": 0.99,
    "141": 0.99,
    "440": 0.59
  },
  "271": {
    "56": 0.69
  },
  "272": {
    "67": 0.11
  },
  "273": {
    "302": 0.39
  },
  "274": {
    "135": 0.15
  },
  "275": {
    "215": 0.77,
    "269": 0.53,
    "58": 0.8
  },
  "276": {
    "304": 0.55,
    "55": 0.95,
    "231": 0.14
  },
  "277": {
    "266": 0.68,
    "154": 0.13,
    "234": 1.0
  },
  "278": {
    "218": 0.2,
    "352": 0.74
  },
  "279": {
    "37": 0.17,
    "461": 0.65
  },
  "280": {
    "64": 0.35
  },
  "281": {
    "300": 0.39,
    "280": 1.0,
    "365": 0.58
  },
  "282": {
    "258": 0.49,
    "310": 0.81
  },
  "283": {
    "437": 0.69
  },
  "284": {
    "370": 0.49,
    "444": 0.9,
    "110": 0.47
  },
  "285": {
    "204": 0.76,
    "212": 0.38
  },
  "286": {
    "341": 0.44,
    "130": 0.24
  },
  "287": {
    "34": 0.85,
    "46": 0.18
  },
  "288": {
    "382": 0.76
  },
  "289": {
    "284": 0.15
  },
  "290": {
    "287": 0.21,
    "168": 0.42,
    "344": 0.7
  },
  "291": {
    "445": 0.75,
    "469": 0.97
  },
  "292": {
    "159": 0.62,
    "180": 0.29,
    "53": 0.69
  },
  "293": {
    "434": 0.2
  },
  "294": {
    "188": 0.35,
    "58": 0.3,
    "391": 0.49
  },
  "295": {
    "499": 0.66,
    "393": 0.71,
    "420": 0.6
  },
  "296": {
    "476": 0.72,
    "337": 0.13,
    "425": 0.35
  },
  "297": {
    "472": 0.42,
    "173": 0.26
  },
  "298": {
    "289": 0.69
  },
  "299": {
    "72": 0.77
  },
  "300": {
    "46": 0.77
  },
  "301": {
    "192": 0.48
  },
  "302": {
    "80": 0.38,
    "189": 0.39
  },
  "303": {
    "306": 0.15,
    "43": 0.24,
    "453": 0.66
  },
  "304": {
    "41": 0.7,
    "139": 0.54,
    "226": 0.5
  },
  "305": {
    "110": 0.56,
    "387": 0.41
  },
  "306": {
    "145": 0.71
  },
  "307": {
    "249": 0.38,
    "269": 0.3,
    "342": 0.99
  },
  "308": {
    "3": 0.28
  },
  "309": {
    "393": 0.22
  },
  "310": {
    "148": 0.21,
    "167": 0.55
  },
  "311": {
    "89": 0.44,
    "66": 0.73
  },
  "312": {
    "286": 0.83,
    "427": 0.16,
    "343": 0.88
  },
  "313": {
    "223": 0.12
  },
  "314": {
    "442": 0.38
  },
  "315": {
    "293": 0.74,
    "207": 0.48
  },
  "316": {
    "207": 0.12
  },
  "317": {
    "87": 0.95,
    "411": 0.51
  },
  "318": {
    "471": 0.49,
    "185": 0.2,
    "45": 0.49
  },
  "319": {
    "268": 0.46,
    "40": 0.38
  },
  "320": {
    "113": 0.8,
    "170": 0.17
  },
  "321": {
    "58": 0.27,
    "271": 0.8,
    "261": 0.42
  },
  "322": {
    "418": 0.19,
    "75": 0.33,
    "120": 0.26
  },
  "323": {
    "390": 0.78
  },
  "324": {
    "90": 0.96
  },
  "325": {
    "252": 0.61,
    "237": 0.62,
    "387": 0.71
  },
  "326": {
    "330": 0.39,
    "325": 0.97,
    "319": 0.38
  },
  "327": {
    "34": 0.5,
    "240": 0.37
  },
  "328": {
    "302": 0.42,
    "28": 0.17
  },
  "329": {
    "231": 0.15,
    "19": 0.85
  },
  "330": {
    "331": 0.88
  },
  "331": {
    "314": 0.63
  },
  "332": {
    "236": 0.6,
    "297": 0.81
  },
  "333": {
    "230": 0.92
  },
  "334": {
    "333": 0.64,
    "96": 0.55,
    "164": 0.96
  },
  "335": {
    "52": 0.91,
    "416": 0.41
  },
  "336": {
    "43": 0.26,
    "258": 0.32,
    "330": 0.49
  },
  "337": {
    "268": 0.65,
    "267": 0.43
  },
  "338": {
    "198": 0.8,
    "209": 0.71
  },
  "339": {
    "405": 0.67
  },
  "340": {
    "33": 0.19,
    "168": 0.71
  },
  "341": {
    "129": 0.87,
    "371": 0.97
  },
  "342": {
    "448": 0.17,
    "76": 0.7,
    "170": 0.93
  },
  "343": {
    "496": 0.73,
    "335": 0.45
  },
  "344": {
    "363": 0.38,
    "481": 0.44,
    "43": 0.81
  },
  "345": {
    "343": 0.73
  },
  "346": {
    "351": 0.18,
    "468": 0.7,
    "269": 0.56
  },
  "347": {
    "185": 0.38
  },
  "348": {
    "174": 0.95
  },
  "349": {
    "98": 1.0,
    "115": 0.24
  },
  "350": {
    "433": 0.19,
    "404": 0.79
  },
  "351": {
    "453": 0.7,
    "269": 0.89,
    "19": 0.66
  },
  "352": {
    "192": 0.26,
    "78": 0.72,
    "83": 0.66
  },
  "353": {
    "370": 0.49
  },
  "354": {
    "186": 0.75,
    "346": 0.97
  },
  "355": {
    "145": 0.81,
    "386": 0.31,
    "384": 0.32
  },
  "356": {
    "463": 0.27,
    "428": 0.71
  },
  "357": {
    "225": 0.35,
    "236": 0.44,
    "394": 0.57
  },
  "358": {
    "419": 0.28
  },
  "359": {
    "70": 0.15,
    "447": 0.53,
    "128": 0.43
  },
  "360": {
    "365": 0.86
  },
  "361": {
    "145": 0.18
  },
  "362": {
    "139": 0.5
  },
  "363": {
    "75": 0.18,
    "426": 0.92,
    "223": 0.84
  },
  "364": {
    "477": 0.47,
    "13": 0.46
  },
  "365": {
    "120": 1.0,
    "197": 0.44
  },
  "366": {
    "163": 0.94
  },
  "367": {
    "332": 0.23,
    "171": 0.13,
    "406": 0.93
  },
  "368": {
    "356": 0.22,
    "426": 0.73
  },
  "369": {
    "315": 0.92,
    "2": 0.12
  },
  "370": {
    "428": 0.23
  },
  "371": {
    "311": 0.2,
    "270": 0.36,
    "216": 0.37
  },
  "372": {
    "122": 0.48
  },
  "373": {
    "234": 0.85,
    "32": 0.55,
    "56": 0.58
  },
  "374": {
    "263": 0.75,
    "294": 0.36,
    "123": 0.1
  },
  "375": {
    "123": 0.47,
    "292": 0.7
  },
  "376": {
    "268": 0.98
  },
  "377": {
    "489": 0.57
  },
  "378": {
    "403": 0.12,
    "259": 0.89,
    "283": 0.14
  },
  "379": {
    "191": 0.77,
    "129": 0.42
  },
  "380": {
    "176": 0.32
  },
  "381": {
    "321": 0.62,
    "53": 0.78,
    "396": 0.22
  },
  "382": {
    "279": 0.83,
    "173": 0.26
  },
  "383": {
    "237": 0.67,
    "356": 0.83,
    "245": 0.16
  },
  "384": {
    "18": 0.28,
    "150": 0.81
  },
  "385": {
    "161": 0.94
  },
  "386": {
    "203": 0.53,
    "418": 0.13,
    "278": 0.68
  },
  "387": {
    "182": 0.8,
    "442": 0.88
  },
  "388": {
    "139": 0.82,
    "63": 0.49
  },
  "389": {
    "380": 0.91,
    "225": 0.45
  },
  "390": {
    "254": 0.72
  },
  "391": {
    "474": 0.57,
    "409": 0.82
  },
  "392": {
    "217": 0.64,
    "40": 0.84,
    "220": 0.59
  },
  "393": {
    "52": 0.4,
    "40": 0.37
  },
  "394": {
    "308": 0.48,
    "367": 0.72
  },
  "395": {
    "228": 0.75,
    "21": 0.92
  },
  "396": {
    "222": 0.98,
    "140": 0.95,
    "327": 0.17
  },
  "397": {
    "207": 0.82,
    "186": 0.71,
    "262": 0.96
  },
  "398": {
    "435": 0.65
  },
  "399": {
    "17": 0.16,
    "64": 0.8
  },
  "400": {
    "185": 0.95,
    "196": 0.13
  },
  "401": {
    "347": 0.5
  },
  "402": {
    "190": 0.79,
    "227": 0.62
  },
  "403": {
    "187": 0.68,
    "203": 0.32,
    "160": 0.2
  },
  "404": {
    "95": 0.45,
    "255": 0.61,
    "265": 0.34
  },
  "405": {
    "360": 0.29,
    "228": 0.65
  },
  "406": {
    "470": 0.21,
    "251": 0.87,
    "102": 0.51
  },
  "407": {
    "227": 0.71,
    "44": 0.86,
    "415": 0.39
  },
  "408": {
    "363": 0.59,
    "33": 0.36
  },
  "409": {
    "436": 0.74,
    "80": 0.93
  },
  "410": {
    "89": 0.56,
    "406": 0.21,
    "185": 0.28
  },
  "411": {
    "121": 0.81
  },
  "412": {
    "184": 0.6
  },
  "413": {
    "239": 0.98,
    "411": 0.22
  },
  "414": {
    "33": 0.38
  },
  "415": {
    "368": 0.47,
    "245": 0.47,
    "269": 0.62
  },
  "416": {
    "498": 0.39
  },
  "417": {
    "230": 0.52
  },
  "418": {
    "176": 0.85,
    "65": 0.6,
    "450": 0.63
  },
  "419": {
    "221": 0.55
  },
  "420": {
    "426": 0.21
  },
  "421": {
    "155": 0.25
  },
  "422": {
    "479": 0.3,
    "363": 0.95
  },
  "423": {
    "459": 0.17,
    "145": 0.28,
    "434": 0.96
  },
  "424": {
    "64": 0.37,
    "320": 0.58
  },
  "425": {
    "328": 0.95,
    "86": 0.24,
    "303": 0.69
  },
  "426": {
    "462": 0.86,
    "309": 0.61,
    "172": 0.84
  },
  "427": {
    "41": 0.14
  },
  "428": {
    "394": 0.69,
    "295": 0.79,
    "135": 0.47
  },
  "429": {
    "15": 0.66,
    "254": 0.36,
    "456": 0.96
  },
  "430": {
    "125": 0.83,
    "412": 0.47
  },
  "431": {
    "37": 0.15,
    "352": 0.5
  },
  "432": {
    "237": 0.41,
    "104": 0.23
  },
  "433": {
    "163": 0.41,
    "375": 0.46,
    "441": 0.78
  },
  "434": {
    "287": 0.32,
    "54": 0.21,
    "163": 0.5
  },
  "435": {
    "49": 0.15
  },
  "436": {
    "443": 0.48,
    "315": 0.97
  },
  "437": {
    "416": 0.39
  },
  "438": {
    "369": 0.79,
    "160": 0.55,
    "97": 0.56
  },
  "439": {
    "451": 0.55,
    "157": 0.18
  },
  "440": {
    "258": 0.97,
    "234": 0.29
  },
  "441": {
    "24": 0.35,
    "25": 0.64
  },
  "442": {
    "344": 0.58,
    "240": 0.86,
    "146": 0.49
  },
  "443": {
    "372": 0.79,
    "187": 0.43
  },
  "444": {
    "26": 0.61,
    "291": 0.43
  },
  "445": {
    "37": 0.55,
    "197": 0.79
  },
  "446": {
    "422": 0.71,
    "319": 0.21
  },
  "447": {
    "201": 0.44
  },
  "448": {
    "285": 0.43,
    "481": 0.23
  },
  "449": {
    "260": 0.14,
    "205": 0.14,
    "256": 0.74
  },
  "450": {
    "265": 0.23,
    "233": 0.9
  },
  "451": {
    "167": 0.94
  },
  "452": {
    "83": 0.99,
    "201": 0.77
  },
  "453": {
    "303": 0.56,
    "172": 0.56
  },
  "454": {
    "362": 0.37,
    "288": 0.83
  },
  "455": {
    "169": 0.2,
    "344": 0.47
  },
  "456": {
    "407": 0.75,
    "461": 0.72
  },
  "457": {
    "305": 0.53
  },
  "458": {
    "400": 0.62,
    "498": 0.3,
    "397": 0.15
  },
  "459": {
    "87": 0.67,
    "268": 0.66
  },
  "460": {
    "75": 0.71,
    "420": 0.13
  },
  "461": {
    "56": 0.5,
    "97": 0.48,
    "9": 0.47
  },
  "462": {
    "210": 0.55
  },
  "463": {
    "472": 0.86,
    "241": 0.75,
    "446": 0.74
  },
  "464": {
    "106": 1.0,
    "287": 0.53,
    "166": 0.44
  },
  "465": {
    "235": 0.92
  },
  "466": {
    "279": 0.71,
    "181": 0.88
  },
  "467": {
    "329": 0.34,
    "411": 0.54,
    "354": 0.96
  },
  "468": {
    "285": 0.3,
    "152": 0.98
  },
  "469": {
    "394": 0.73,
    "147": 0.72
  },
  "470": {
    "162": 0.41,
    "245": 0.94
  },
  "471": {
    "140": 0.62,
    "147": 0.59,
    "62": 0.91
  },
  "472": {
    "419": 0.96,
    "176": 0.82
  },
  "473": {
    "21": 0.96,
    "147": 0.17
  },
  "474": {
    "335": 0.77,
    "131": 0.29
  },
  "475": {
    "138": 0.73,
    "478": 0.22,
    "287": 0.65
  },
  "476": {
    "122": 0.7,
    "124": 0.58,
    "25": 0.67
  },
  "477": {
    "51": 0.47
  },
  "478": {
    "241": 0.79,
    "51": 0.1,
    "348": 0.6
  },
  "479": {
    "208": 0.69
  },
  "480": {
    "244": 0.28,
    "333": 0.97
  },
  "481": {
    "146": 0.15,
    "330": 0.79
  },
  "482": {
    "293": 0.76,
    "118": 0.87,
    "273": 0.13
  },
  "483": {
    "213": 0.89
  },
  "484": {
    "478": 0.93
  },
  "485": {
    "403": 0.27,
    "253": 0.77
  },
  "486": {
    "448": 0.11,
    "19": 0.61
  },
  "487": {
    "475": 0.98
  },
  "488": {
    "232": 0.59,
    "328": 0.54
  },
  "489": {
    "435": 0.55
  },
  "490": {
    "98": 0.2,
    "414": 0.25
  },
  "491": {
    "331": 0.75,
    "131": 0.11
  },
  "492": {
    "404": 0.61,
    "151": 0.78
  },
  "493": {
    "312": 0.87
  },
  "494": {
    "423": 0.56,
    "218": 0.18
  },
  "495": {
    "48": 0.53,
    "94": 0.94,
    "71": 0.11
  },
  "496": {
    "120": 0.78,
    "228": 0.96
  },
  "497": {
    "298": 0.62,
    "370": 0.34
  },
  "498": {
    "354": 0.16,
    "120": 0.21
  },
  "499": {
    "81": 0.72,
    "207": 0.93
  }
}